{"batch_size": 256, "dropout": 0.44446117065252266, "hidden_sizes": [32], "l2_reg": 0.01, "lr": 0.008024840839871093, "weight_decay": 1.1980458901470977e-05}