{"batch_size": 128, "dropout": 0.11714579267882669, "hidden_sizes": [128], "l2_reg": 10.0, "lr": 0.0012431596643145385, "weight_decay": 8.63807335383519e-05}